v2.14_venv_setup	0	60	/workspace/rtdl_v2_vs_v3_pod_20260620_024503/artifacts_v2_vs_v3_formal_fixedenv_20260620_032608/v2.14_venv_setup.stdout.txt	/workspace/rtdl_v2_vs_v3_pod_20260620_024503/artifacts_v2_vs_v3_formal_fixedenv_20260620_032608/v2.14_venv_setup.stderr.txt
v3.0.2_venv_setup	0	240	/workspace/rtdl_v2_vs_v3_pod_20260620_024503/artifacts_v2_vs_v3_formal_fixedenv_20260620_032608/v3.0.2_venv_setup.stdout.txt	/workspace/rtdl_v2_vs_v3_pod_20260620_024503/artifacts_v2_vs_v3_formal_fixedenv_20260620_032608/v3.0.2_venv_setup.stderr.txt
v2.14_build_optix	0	60	/workspace/rtdl_v2_vs_v3_pod_20260620_024503/artifacts_v2_vs_v3_formal_fixedenv_20260620_032608/v2.14_build_optix.stdout.txt	/workspace/rtdl_v2_vs_v3_pod_20260620_024503/artifacts_v2_vs_v3_formal_fixedenv_20260620_032608/v2.14_build_optix.stderr.txt
v2.14_build_embree_probe	0	30	/workspace/rtdl_v2_vs_v3_pod_20260620_024503/artifacts_v2_vs_v3_formal_fixedenv_20260620_032608/v2.14_build_embree_probe.stdout.txt	/workspace/rtdl_v2_vs_v3_pod_20260620_024503/artifacts_v2_vs_v3_formal_fixedenv_20260620_032608/v2.14_build_embree_probe.stderr.txt
v3.0.2_build_optix	0	60	/workspace/rtdl_v2_vs_v3_pod_20260620_024503/artifacts_v2_vs_v3_formal_fixedenv_20260620_032608/v3.0.2_build_optix.stdout.txt	/workspace/rtdl_v2_vs_v3_pod_20260620_024503/artifacts_v2_vs_v3_formal_fixedenv_20260620_032608/v3.0.2_build_optix.stderr.txt
v3.0.2_build_embree_probe	0	30	/workspace/rtdl_v2_vs_v3_pod_20260620_024503/artifacts_v2_vs_v3_formal_fixedenv_20260620_032608/v3.0.2_build_embree_probe.stdout.txt	/workspace/rtdl_v2_vs_v3_pod_20260620_024503/artifacts_v2_vs_v3_formal_fixedenv_20260620_032608/v3.0.2_build_embree_probe.stderr.txt
v2.14_human_scale_same_contract_all	1	450	/workspace/rtdl_v2_vs_v3_pod_20260620_024503/artifacts_v2_vs_v3_formal_fixedenv_20260620_032608/v2.14_human_scale_same_contract_all.stdout.txt	/workspace/rtdl_v2_vs_v3_pod_20260620_024503/artifacts_v2_vs_v3_formal_fixedenv_20260620_032608/v2.14_human_scale_same_contract_all.stderr.txt
v3.0.2_source_tree_doctor	0	30	/workspace/rtdl_v2_vs_v3_pod_20260620_024503/artifacts_v2_vs_v3_formal_fixedenv_20260620_032608/v3.0.2_source_tree_doctor.stdout.txt	/workspace/rtdl_v2_vs_v3_pod_20260620_024503/artifacts_v2_vs_v3_formal_fixedenv_20260620_032608/v3.0.2_source_tree_doctor.stderr.txt
v3.0.2_v3_current_test_matrix	0	30	/workspace/rtdl_v2_vs_v3_pod_20260620_024503/artifacts_v2_vs_v3_formal_fixedenv_20260620_032608/v3.0.2_v3_current_test_matrix.stdout.txt	/workspace/rtdl_v2_vs_v3_pod_20260620_024503/artifacts_v2_vs_v3_formal_fixedenv_20260620_032608/v3.0.2_v3_current_test_matrix.stderr.txt
v3.0.2_current_scale_profile_all	0	180	/workspace/rtdl_v2_vs_v3_pod_20260620_024503/artifacts_v2_vs_v3_formal_fixedenv_20260620_032608/v3.0.2_current_scale_profile_all.stdout.txt	/workspace/rtdl_v2_vs_v3_pod_20260620_024503/artifacts_v2_vs_v3_formal_fixedenv_20260620_032608/v3.0.2_current_scale_profile_all.stderr.txt
